[{"model": "contenttypes.contenttype", "fields": {"app_label": "admin", "model": "logentry"}}, {"model": "contenttypes.contenttype", "fields": {"app_label": "auth", "model": "permission"}}, {"model": "contenttypes.contenttype", "fields": {"app_label": "auth", "model": "group"}}, {"model": "contenttypes.contenttype", "fields": {"app_label": "contenttypes", "model": "contenttype"}}, {"model": "contenttypes.contenttype", "fields": {"app_label": "sessions", "model": "session"}}, {"model": "contenttypes.contenttype", "fields": {"app_label": "invoices", "model": "vendor"}}, {"model": "contenttypes.contenttype", "fields": {"app_label": "invoices", "model": "invoice"}}, {"model": "contenttypes.contenttype", "fields": {"app_label": "expenses", "model": "expense"}}, {"model": "contenttypes.contenttype", "fields": {"app_label": "accounts", "model": "company"}}, {"model": "contenttypes.contenttype", "fields": {"app_label": "accounts", "model": "customuser"}}, {"model": "contenttypes.contenttype", "fields": {"app_label": "accounts", "model": "subscriptionplan"}}, {"model": "contenttypes.contenttype", "fields": {"app_label": "notifications", "model": "notification"}}, {"model": "sessions.session", "pk": "8thmn6l97lhfonmop0hcfe6xytoyw3lj", "fields": {"session_data": ".eJxVjMsOwiAUBf-FtSG8vXTp3m8gPG4FNWBKm2iM_26bdKHbmTnnTZxf5uyWjpMriQxEcHL4hcHHG9bNpKuvl0Zjq_NUAt0SuttOzy3h_bS3fwfZ97yuR9CRI9g4akgyWlSJQbTSGjBhNCsCAWBQGfSoNBNCKqbC0SITTHK9nXbsvbTq8Pko04sM7PMFqTE-nw:1vvYBd:-V0xGKBL9IZ31yK0z8It1lxJXRkl7uMD00PNIPikWC8", "expire_date": "2026-03-12T10:01:37.274Z"}}, {"model": "sessions.session", "pk": "90uckjgyw75vet0aj96qvodcrbvhk3vv", "fields": {"session_data": "e30:1vvLLw:UTc6r3Mf8L3q5EAT1FUU56V278qrRDOArdORX3EVSkY", "expire_date": "2026-03-11T20:19:24.101Z"}}, {"model": "sessions.session", "pk": "be9blbs01jnggafsh85ikguyeuckd8h5", "fields": {"session_data": ".eJxVjMsOwiAURP-FtSFQhEKX7v0Gcnlcixow0CYa479bki40mdWcM_MmFtZltmuL1aZAJqLJ4bdz4G8xdxCukC-F-pKXmhztCt1po-cS4v20u38HM7S5rzkXEj04E5jQYvDj1oxbjEBAiMEzDlL6DQycoRaKK4lcY1DmaAD7aYutpZJtfD5SfZGJfb6MQj8L:1vvLNF:YG1Qv0vBDM51SrRzOso2lNEhIdwLCAoXgYtWI8I319Y", "expire_date": "2026-03-11T20:20:45.922Z"}}, {"model": "sessions.session", "pk": "ghkmcvsxibg0rpczvgl3e9fkrztfovtx", "fields": {"session_data": ".eJxVjEEOwiAQRe_C2hDKUJh26d4zkCmMFjXQlDbRGO-uTbrQ7X_vv5fwtC6jXyvPPkXRCxCH322gcOO8gXilfCkylLzMaZCbInda5alEvh939y8wUh2_bw0NQyA20TBo5ZhQoe60Bmsb7JyzzjCqAIiNM5GcCQjQtjS04Phst2jlWlPJnh9Tmp-iV-8PROA90g:1vuxG6:Pxy4lf19uVRpEfnBhkLWNA-7TkLgZ9WkkWsNlYfu3DA", "expire_date": "2026-03-10T18:35:46.459Z"}}, {"model": "sessions.session", "pk": "wn2esbqae71kauk5mve5isrr0qowgeeq", "fields": {"session_data": ".eJxVjEEOwiAQRe_C2hDKUJh26d4zkCmMFjXQlDbRGO-uTbrQ7X_vv5fwtC6jXyvPPkXRCxCH322gcOO8gXilfCkylLzMaZCbInda5alEvh939y8wUh2_bw0NQyA20TBo5ZhQoe60Bmsb7JyzzjCqAIiNM5GcCQjQtjS04Phst2jlWlPJnh9Tmp-iV-8PROA90g:1vvEvK:9MVNfcHUyUyEnmM1qcgXjjP8RIGQ9svSJKLMaCBLKZo", "expire_date": "2026-03-11T13:27:30.379Z"}}, {"model": "invoices.vendor", "pk": 1, "fields": {"company": 2, "name": "kaushik", "email": null, "contact_number": null}}, {"model": "invoices.vendor", "pk": 2, "fields": {"company": 2, "name": "Eswari", "email": null, "contact_number": null}}, {"model": "invoices.vendor", "pk": 3, "fields": {"company": 2, "name": "Ganesh", "email": null, "contact_number": null}}, {"model": "invoices.vendor", "pk": 4, "fields": {"company": 2, "name": "sure", "email": null, "contact_number": null}}, {"model": "invoices.vendor", "pk": 5, "fields": {"company": 2, "name": "Sujatha", "email": null, "contact_number": null}}, {"model": "invoices.vendor", "pk": 6, "fields": {"company": 2, "name": "Yashas", "email": null, "contact_number": null}}, {"model": "invoices.vendor", "pk": 7, "fields": {"company": 2, "name": "prem", "email": null, "contact_number": null}}, {"model": "invoices.vendor", "pk": 8, "fields": {"company": 2, "name": "kau", "email": null, "contact_number": null}}, {"model": "invoices.vendor", "pk": 9, "fields": {"company": 5, "name": "kaushik", "email": null, "contact_number": null}}, {"model": "invoices.vendor", "pk": 10, "fields": {"company": 2, "name": "gani", "email": null, "contact_number": null}}, {"model": "invoices.vendor", "pk": 11, "fields": {"company": 8, "name": "kaushik", "email": null, "contact_number": null}}, {"model": "invoices.vendor", "pk": 12, "fields": {"company": 10, "name": "kaushik", "email": null, "contact_number": null}}, {"model": "invoices.vendor", "pk": 13, "fields": {"company": 10, "name": "gani", "email": null, "contact_number": null}}, {"model": "invoices.vendor", "pk": 14, "fields": {"company": 10, "name": "sure", "email": null, "contact_number": null}}, {"model": "accounts.subscriptionplan", "pk": 1, "fields": {"name": "Free", "price": "0.00", "invoice_limit": 5, "expense_limit": 10, "employee_limit": 1, "allow_export": false, "allow_ocr": false, "allow_reports": false}}, {"model": "accounts.subscriptionplan", "pk": 3, "fields": {"name": "Basic", "price": "499.00", "invoice_limit": 20, "expense_limit": 20, "employee_limit": 1, "allow_export": false, "allow_ocr": false, "allow_reports": false}}, {"model": "accounts.subscriptionplan", "pk": 4, "fields": {"name": "Pro", "price": "999.00", "invoice_limit": 100, "expense_limit": 100, "employee_limit": 5, "allow_export": true, "allow_ocr": true, "allow_reports": true}}, {"model": "accounts.subscriptionplan", "pk": 5, "fields": {"name": "Business", "price": "1999.00", "invoice_limit": 500, "expense_limit": 500, "employee_limit": 20, "allow_export": true, "allow_ocr": true, "allow_reports": true}}, {"model": "accounts.subscriptionplan", "pk": 6, "fields": {"name": "Enterprise", "price": "4999.00", "invoice_limit": 9999, "expense_limit": 9999, "employee_limit": 100, "allow_export": true, "allow_ocr": true, "allow_reports": true}}, {"model": "accounts.company", "pk": 1, "fields": {"name": "sure's Company", "created_at": "2026-02-24T08:37:54.746Z", "company_code": null, "plan": null, "extra_employee_slots": 0, "trial_end_date": null, "subscription_end_date": null}}, {"model": "accounts.company", "pk": 2, "fields": {"name": "sura's Company", "created_at": "2026-02-24T08:39:35.200Z", "company_code": null, "plan": null, "extra_employee_slots": 0, "trial_end_date": null, "subscription_end_date": "2026-03-26"}}, {"model": "accounts.company", "pk": 3, "fields": {"name": "gani's Company", "created_at": "2026-02-24T08:42:39.580Z", "company_code": null, "plan": null, "extra_employee_slots": 0, "trial_end_date": null, "subscription_end_date": null}}, {"model": "accounts.company", "pk": 4, "fields": {"name": "Gowri's Company", "created_at": "2026-02-24T08:44:58.314Z", "company_code": null, "plan": null, "extra_employee_slots": 0, "trial_end_date": null, "subscription_end_date": null}}, {"model": "accounts.company", "pk": 5, "fields": {"name": "prem's Company", "created_at": "2026-02-24T18:03:34.589Z", "company_code": null, "plan": null, "extra_employee_slots": 0, "trial_end_date": "2026-03-10", "subscription_end_date": null}}, {"model": "accounts.company", "pk": 6, "fields": {"name": "Yash's Company", "created_at": "2026-02-25T12:57:05.448Z", "company_code": null, "plan": null, "extra_employee_slots": 0, "trial_end_date": "2026-03-11", "subscription_end_date": null}}, {"model": "accounts.company", "pk": 7, "fields": {"name": "Yash's Company", "created_at": "2026-02-25T12:59:25.725Z", "company_code": null, "plan": null, "extra_employee_slots": 0, "trial_end_date": "2026-03-11", "subscription_end_date": null}}, {"model": "accounts.company", "pk": 8, "fields": {"name": "ganesh's Company", "created_at": "2026-02-25T13:21:01.830Z", "company_code": "33F271DB", "plan": 1, "extra_employee_slots": 10, "trial_end_date": null, "subscription_end_date": "2026-03-27"}}, {"model": "accounts.company", "pk": 9, "fields": {"name": "Sanjay's Company", "created_at": "2026-02-25T18:54:06.588Z", "company_code": "1BC973B6", "plan": null, "extra_employee_slots": 0, "trial_end_date": "2026-03-11", "subscription_end_date": null}}, {"model": "accounts.company", "pk": 10, "fields": {"name": "Ghana's Company", "created_at": "2026-02-26T07:54:27.709Z", "company_code": "06B6287A", "plan": 5, "extra_employee_slots": 0, "trial_end_date": null, "subscription_end_date": "2026-03-28"}}, {"model": "auth.permission", "fields": {"name": "Can add log entry", "content_type": ["admin", "logentry"], "codename": "add_logentry"}}, {"model": "auth.permission", "fields": {"name": "Can change log entry", "content_type": ["admin", "logentry"], "codename": "change_logentry"}}, {"model": "auth.permission", "fields": {"name": "Can delete log entry", "content_type": ["admin", "logentry"], "codename": "delete_logentry"}}, {"model": "auth.permission", "fields": {"name": "Can view log entry", "content_type": ["admin", "logentry"], "codename": "view_logentry"}}, {"model": "auth.permission", "fields": {"name": "Can add permission", "content_type": ["auth", "permission"], "codename": "add_permission"}}, {"model": "auth.permission", "fields": {"name": "Can change permission", "content_type": ["auth", "permission"], "codename": "change_permission"}}, {"model": "auth.permission", "fields": {"name": "Can delete permission", "content_type": ["auth", "permission"], "codename": "delete_permission"}}, {"model": "auth.permission", "fields": {"name": "Can view permission", "content_type": ["auth", "permission"], "codename": "view_permission"}}, {"model": "auth.permission", "fields": {"name": "Can add group", "content_type": ["auth", "group"], "codename": "add_group"}}, {"model": "auth.permission", "fields": {"name": "Can change group", "content_type": ["auth", "group"], "codename": "change_group"}}, {"model": "auth.permission", "fields": {"name": "Can delete group", "content_type": ["auth", "group"], "codename": "delete_group"}}, {"model": "auth.permission", "fields": {"name": "Can view group", "content_type": ["auth", "group"], "codename": "view_group"}}, {"model": "auth.permission", "fields": {"name": "Can add content type", "content_type": ["contenttypes", "contenttype"], "codename": "add_contenttype"}}, {"model": "auth.permission", "fields": {"name": "Can change content type", "content_type": ["contenttypes", "contenttype"], "codename": "change_contenttype"}}, {"model": "auth.permission", "fields": {"name": "Can delete content type", "content_type": ["contenttypes", "contenttype"], "codename": "delete_contenttype"}}, {"model": "auth.permission", "fields": {"name": "Can view content type", "content_type": ["contenttypes", "contenttype"], "codename": "view_contenttype"}}, {"model": "auth.permission", "fields": {"name": "Can add session", "content_type": ["sessions", "session"], "codename": "add_session"}}, {"model": "auth.permission", "fields": {"name": "Can change session", "content_type": ["sessions", "session"], "codename": "change_session"}}, {"model": "auth.permission", "fields": {"name": "Can delete session", "content_type": ["sessions", "session"], "codename": "delete_session"}}, {"model": "auth.permission", "fields": {"name": "Can view session", "content_type": ["sessions", "session"], "codename": "view_session"}}, {"model": "auth.permission", "fields": {"name": "Can add vendor", "content_type": ["invoices", "vendor"], "codename": "add_vendor"}}, {"model": "auth.permission", "fields": {"name": "Can change vendor", "content_type": ["invoices", "vendor"], "codename": "change_vendor"}}, {"model": "auth.permission", "fields": {"name": "Can delete vendor", "content_type": ["invoices", "vendor"], "codename": "delete_vendor"}}, {"model": "auth.permission", "fields": {"name": "Can view vendor", "content_type": ["invoices", "vendor"], "codename": "view_vendor"}}, {"model": "auth.permission", "fields": {"name": "Can add invoice", "content_type": ["invoices", "invoice"], "codename": "add_invoice"}}, {"model": "auth.permission", "fields": {"name": "Can change invoice", "content_type": ["invoices", "invoice"], "codename": "change_invoice"}}, {"model": "auth.permission", "fields": {"name": "Can delete invoice", "content_type": ["invoices", "invoice"], "codename": "delete_invoice"}}, {"model": "auth.permission", "fields": {"name": "Can view invoice", "content_type": ["invoices", "invoice"], "codename": "view_invoice"}}, {"model": "auth.permission", "fields": {"name": "Can add expense", "content_type": ["expenses", "expense"], "codename": "add_expense"}}, {"model": "auth.permission", "fields": {"name": "Can change expense", "content_type": ["expenses", "expense"], "codename": "change_expense"}}, {"model": "auth.permission", "fields": {"name": "Can delete expense", "content_type": ["expenses", "expense"], "codename": "delete_expense"}}, {"model": "auth.permission", "fields": {"name": "Can view expense", "content_type": ["expenses", "expense"], "codename": "view_expense"}}, {"model": "auth.permission", "fields": {"name": "Can add company", "content_type": ["accounts", "company"], "codename": "add_company"}}, {"model": "auth.permission", "fields": {"name": "Can change company", "content_type": ["accounts", "company"], "codename": "change_company"}}, {"model": "auth.permission", "fields": {"name": "Can delete company", "content_type": ["accounts", "company"], "codename": "delete_company"}}, {"model": "auth.permission", "fields": {"name": "Can view company", "content_type": ["accounts", "company"], "codename": "view_company"}}, {"model": "auth.permission", "fields": {"name": "Can add user", "content_type": ["accounts", "customuser"], "codename": "add_customuser"}}, {"model": "auth.permission", "fields": {"name": "Can change user", "content_type": ["accounts", "customuser"], "codename": "change_customuser"}}, {"model": "auth.permission", "fields": {"name": "Can delete user", "content_type": ["accounts", "customuser"], "codename": "delete_customuser"}}, {"model": "auth.permission", "fields": {"name": "Can view user", "content_type": ["accounts", "customuser"], "codename": "view_customuser"}}, {"model": "auth.permission", "fields": {"name": "Can add subscription plan", "content_type": ["accounts", "subscriptionplan"], "codename": "add_subscriptionplan"}}, {"model": "auth.permission", "fields": {"name": "Can change subscription plan", "content_type": ["accounts", "subscriptionplan"], "codename": "change_subscriptionplan"}}, {"model": "auth.permission", "fields": {"name": "Can delete subscription plan", "content_type": ["accounts", "subscriptionplan"], "codename": "delete_subscriptionplan"}}, {"model": "auth.permission", "fields": {"name": "Can view subscription plan", "content_type": ["accounts", "subscriptionplan"], "codename": "view_subscriptionplan"}}, {"model": "auth.permission", "fields": {"name": "Can add notification", "content_type": ["notifications", "notification"], "codename": "add_notification"}}, {"model": "auth.permission", "fields": {"name": "Can change notification", "content_type": ["notifications", "notification"], "codename": "change_notification"}}, {"model": "auth.permission", "fields": {"name": "Can delete notification", "content_type": ["notifications", "notification"], "codename": "delete_notification"}}, {"model": "auth.permission", "fields": {"name": "Can view notification", "content_type": ["notifications", "notification"], "codename": "view_notification"}}, {"model": "accounts.customuser", "fields": {"password": "pbkdf2_sha256$600000$IvmcYJZSmL4EofbLAdAvIP$DMMI1Xx/CbHWYBm9GhUkrc73mTWf2l8EMWZHaGXOrfM=", "last_login": "2026-02-26T07:47:17.069Z", "is_superuser": true, "username": "kaushik", "first_name": "", "last_name": "", "email": "kaushik1@gmail.com", "is_staff": true, "is_active": true, "date_joined": "2026-02-24T07:50:37.537Z", "role": "viewer", "company": 2, "phone": null, "address": null, "first_login": true, "must_reset_password": false, "groups": [], "user_permissions": []}}, {"model": "accounts.customuser", "fields": {"password": "pbkdf2_sha256$600000$VxKMils7Mr4KnDFFAwPiYA$y93DjyqhBKNohzx4JdfhHy6tRa2+zsENy/XT4CHBA+4=", "last_login": null, "is_superuser": false, "username": "sure", "first_name": "", "last_name": "", "email": "suraj@gmail.com", "is_staff": false, "is_active": true, "date_joined": "2026-02-24T08:37:54.464Z", "role": "admin", "company": 2, "phone": null, "address": null, "first_login": true, "must_reset_password": false, "groups": [], "user_permissions": []}}, {"model": "accounts.customuser", "fields": {"password": "pbkdf2_sha256$600000$qBxHDWeVmp53Lsbex20jN9$LTlSuYHDi8D5ykPF/W9K6vG6q8xqooW13BuM6MHqkn0=", "last_login": "2026-02-25T13:27:30.377Z", "is_superuser": false, "username": "sura", "first_name": "", "last_name": "", "email": "sura@gmail.com", "is_staff": false, "is_active": true, "date_joined": "2026-02-24T08:39:34.934Z", "role": "admin", "company": 2, "phone": null, "address": null, "first_login": true, "must_reset_password": false, "groups": [], "user_permissions": []}}, {"model": "accounts.customuser", "fields": {"password": "pbkdf2_sha256$600000$K9ACl0bCIlRjsIWyaYrxIY$C3xnsZTgQUNG0GtlNNr94GVxaqhpKdu13aLQGWceagU=", "last_login": "2026-02-25T11:59:27.414Z", "is_superuser": false, "username": "gani", "first_name": "", "last_name": "", "email": "gani@gmail.com", "is_staff": false, "is_active": true, "date_joined": "2026-02-24T08:42:39.315Z", "role": "viewer", "company": 2, "phone": null, "address": null, "first_login": true, "must_reset_password": false, "groups": [], "user_permissions": []}}, {"model": "accounts.customuser", "fields": {"password": "pbkdf2_sha256$600000$t6IznnE1yAoOb6pQ4hqTWf$kwNNtZUTY/KaXetj+OtuMyW3HyGIPQWi/Qpk39PATBo=", "last_login": "2026-02-25T12:07:09.794Z", "is_superuser": false, "username": "Gowri", "first_name": "", "last_name": "", "email": "gowri@gmail.com", "is_staff": false, "is_active": true, "date_joined": "2026-02-24T08:44:58.048Z", "role": "accountant", "company": 2, "phone": null, "address": null, "first_login": true, "must_reset_password": false, "groups": [], "user_permissions": []}}, {"model": "accounts.customuser", "fields": {"password": "pbkdf2_sha256$600000$x62oacLVA33InEkcGugz6D$Ewvt7Lz6mCUmzYtI6JBv3R1eqTnEriHjmLHXb3vwMVg=", "last_login": "2026-02-24T18:03:53.151Z", "is_superuser": false, "username": "prem", "first_name": "", "last_name": "", "email": "prem@gmail.com", "is_staff": false, "is_active": true, "date_joined": "2026-02-24T18:03:34.311Z", "role": "viewer", "company": 5, "phone": null, "address": null, "first_login": true, "must_reset_password": false, "groups": [], "user_permissions": []}}, {"model": "accounts.customuser", "fields": {"password": "pbkdf2_sha256$600000$QfKBI9QxPVg0yrXzl4SXJn$I0XA62pfVsQLf8D242m73zPt0+yVMn20Tq3qtNiyTgE=", "last_login": "2026-02-25T12:59:34.332Z", "is_superuser": false, "username": "Yash", "first_name": "Yash", "last_name": "", "email": "yash@gmail.com", "is_staff": false, "is_active": true, "date_joined": "2026-02-25T12:59:25.438Z", "role": "employee", "company": 7, "phone": null, "address": null, "first_login": true, "must_reset_password": false, "groups": [], "user_permissions": []}}, {"model": "accounts.customuser", "fields": {"password": "pbkdf2_sha256$600000$s9bnA144gOtdvzIuS2wdN5$jl7Sc6ML1WJcRnDXRTEw/lowxRKl6NL3fU6Dfy85pOc=", "last_login": "2026-02-26T07:21:23.459Z", "is_superuser": false, "username": "ganesh", "first_name": "ganesh", "last_name": "", "email": "ganesh@gmail.com", "is_staff": false, "is_active": true, "date_joined": "2026-02-25T13:21:01.566Z", "role": "admin", "company": 8, "phone": null, "address": null, "first_login": true, "must_reset_password": false, "groups": [], "user_permissions": []}}, {"model": "accounts.customuser", "fields": {"password": "pbkdf2_sha256$600000$ro9af3fx9isdXdnY2qG3kM$1+WyZw9NPmGBHHvp3ITeFnfCA7+/fo0nuEKhS6TZZjY=", "last_login": "2026-02-25T13:22:40.854Z", "is_superuser": false, "username": "dhanush", "first_name": "dhanush", "last_name": "", "email": "dhanush@gmail.com", "is_staff": false, "is_active": true, "date_joined": "2026-02-25T13:22:29.494Z", "role": "employee", "company": 8, "phone": null, "address": null, "first_login": true, "must_reset_password": false, "groups": [], "user_permissions": []}}, {"model": "accounts.customuser", "fields": {"password": "pbkdf2_sha256$600000$n03l4wOMz6VaIk0irn9dnD$o/stJfsS6v2dCKQNCIBnpt84xyFAiHUC4LO6U73YEzg=", "last_login": "2026-02-26T07:23:55.321Z", "is_superuser": false, "username": "Sujatha", "first_name": "Sujatha", "last_name": "", "email": "sujatha@gmail.com", "is_staff": false, "is_active": true, "date_joined": "2026-02-25T17:26:29.395Z", "role": "accountant", "company": 8, "phone": null, "address": null, "first_login": true, "must_reset_password": false, "groups": [], "user_permissions": []}}, {"model": "accounts.customuser", "fields": {"password": "pbkdf2_sha256$600000$DPMYlA5OKIS8sFwgs9YgBj$NbOt4/MfezrpMZ9GKWKb9OQ3u4mHVRNDUHYJXbVvKV0=", "last_login": "2026-02-26T07:24:29.473Z", "is_superuser": false, "username": "premk", "first_name": "premk", "last_name": "", "email": "premk@gmail.com", "is_staff": false, "is_active": true, "date_joined": "2026-02-25T18:36:54.012Z", "role": "employee", "company": 8, "phone": null, "address": null, "first_login": true, "must_reset_password": false, "groups": [], "user_permissions": []}}, {"model": "accounts.customuser", "fields": {"password": "pbkdf2_sha256$600000$waoS6ZntGZBcCjePsdzo8S$ZHIwArAnJo64/a4md0uohLfNvn8qdeUbHv6PVc7ftbc=", "last_login": null, "is_superuser": false, "username": "Sanjay", "first_name": "Sanjay", "last_name": "", "email": "sanjay@gmail.com", "is_staff": false, "is_active": true, "date_joined": "2026-02-25T18:54:06.313Z", "role": "admin", "company": 9, "phone": null, "address": null, "first_login": true, "must_reset_password": false, "groups": [], "user_permissions": []}}, {"model": "accounts.customuser", "fields": {"password": "pbkdf2_sha256$600000$F0Cnv0yC8YTS5qvHFT5Lky$YVXLqaOrivPf14Nc5PxWet6P/NI0iMO7LyH3PAcBmc8=", "last_login": null, "is_superuser": false, "username": "Eshwari", "first_name": "Eshwari ", "last_name": "", "email": "eshwari@gmail.com", "is_staff": false, "is_active": true, "date_joined": "2026-02-25T19:16:28.340Z", "role": "employee", "company": 8, "phone": null, "address": null, "first_login": true, "must_reset_password": false, "groups": [], "user_permissions": []}}, {"model": "accounts.customuser", "fields": {"password": "pbkdf2_sha256$600000$zVHdEsNvR63PMVudRz1eUo$uqZ+qJY6EvrOpfZs0JNLajZpVFXS7qlr+GdUOgw0XlI=", "last_login": null, "is_superuser": false, "username": "suraj", "first_name": "", "last_name": "", "email": "suraj@gmail.com", "is_staff": false, "is_active": true, "date_joined": "2026-02-25T19:23:52.484Z", "role": "employee", "company": 8, "phone": null, "address": null, "first_login": true, "must_reset_password": false, "groups": [], "user_permissions": []}}, {"model": "accounts.customuser", "fields": {"password": "pbkdf2_sha256$600000$yNDnlt3jyqt5jvUKwP4yiC$wpY2MvxAsYCUn+mOnarudD+VjqSaqk3mFlX4kgfmvho=", "last_login": "2026-02-25T19:34:17.610Z", "is_superuser": false, "username": "dhanu", "first_name": "", "last_name": "", "email": "dhanu@gmail.com", "is_staff": false, "is_active": true, "date_joined": "2026-02-25T19:33:59.657Z", "role": "employee", "company": 8, "phone": null, "address": null, "first_login": true, "must_reset_password": true, "groups": [], "user_permissions": []}}, {"model": "accounts.customuser", "fields": {"password": "!QlWgvEajyYRds2xea8bhHTCJmCgiMzPQmmmpsl0n", "last_login": null, "is_superuser": false, "username": "Yashe", "first_name": "", "last_name": "", "email": "kaushikrprasad1@gmail.com", "is_staff": false, "is_active": true, "date_joined": "2026-02-25T20:08:26.290Z", "role": "employee", "company": 8, "phone": null, "address": null, "first_login": true, "must_reset_password": false, "groups": [], "user_permissions": []}}, {"model": "accounts.customuser", "fields": {"password": "pbkdf2_sha256$600000$EvSc0OSsEkvNCrYwtEt2B4$M5HqfKgQGV4TaKTI0y9B2+IEF2TmTgTSTOGNI3LtGs4=", "last_login": "2026-02-25T20:20:23.679Z", "is_superuser": false, "username": "yah", "first_name": "", "last_name": "", "email": "kaushikrprasad1@gmail.com", "is_staff": false, "is_active": true, "date_joined": "2026-02-25T20:14:47.146Z", "role": "employee", "company": 8, "phone": null, "address": null, "first_login": true, "must_reset_password": false, "groups": [], "user_permissions": []}}, {"model": "accounts.customuser", "fields": {"password": "pbkdf2_sha256$600000$6KhdwJV5qYOeVPPmKYd8mA$jOgNbq+x8P1aI4rapyGKu7cRe8HcUP1xz9IQAr1jqDI=", "last_login": null, "is_superuser": false, "username": "manogna", "first_name": "manogna", "last_name": "", "email": "manogna@gmail.com", "is_staff": false, "is_active": true, "date_joined": "2026-02-26T07:16:04.479Z", "role": "employee", "company": 8, "phone": null, "address": null, "first_login": true, "must_reset_password": false, "groups": [], "user_permissions": []}}, {"model": "accounts.customuser", "fields": {"password": "pbkdf2_sha256$600000$gwamyi3oYNSBCJMM2L7oc4$aehswJ1ZYdL0SAtN/afZzi9L4HI0bMqY6YiW2KLJp/o=", "last_login": "2026-02-26T10:01:37.271Z", "is_superuser": false, "username": "Ghana", "first_name": "Ghana", "last_name": "", "email": "kaushikrprasad1@gmail.com", "is_staff": false, "is_active": true, "date_joined": "2026-02-26T07:54:27.432Z", "role": "admin", "company": 10, "phone": null, "address": null, "first_login": true, "must_reset_password": false, "groups": [], "user_permissions": []}}, {"model": "accounts.customuser", "fields": {"password": "pbkdf2_sha256$600000$XFArdOIxXmFB2Ty1rQua0X$pYPoMOIf2yZKY2BexCD7kKbEWmfp+iUZKI8+y6BFh3E=", "last_login": "2026-02-26T09:03:22.755Z", "is_superuser": false, "username": "Darshan", "first_name": "Darshan", "last_name": "", "email": "kaushikrprasad1@gmail.com", "is_staff": false, "is_active": true, "date_joined": "2026-02-26T07:55:22.046Z", "role": "employee", "company": 10, "phone": null, "address": null, "first_login": true, "must_reset_password": false, "groups": [], "user_permissions": []}}, {"model": "accounts.customuser", "fields": {"password": "pbkdf2_sha256$600000$voDxBaUFMZpMno1B5h2Iww$1qV+z4P2mmMj76nafMAqIvPJQJ2EmbM5MEvV7aKe35U=", "last_login": "2026-02-26T09:20:34.690Z", "is_superuser": false, "username": "viki", "first_name": "viki", "last_name": "", "email": "kaushikrprasad1@gmail.com", "is_staff": false, "is_active": true, "date_joined": "2026-02-26T09:19:27.784Z", "role": "employee", "company": 10, "phone": null, "address": null, "first_login": true, "must_reset_password": false, "groups": [], "user_permissions": []}}, {"model": "notifications.notification", "pk": 1, "fields": {"user": ["kaushik"], "title": "Test Notification", "message": "This is working macha ", "is_read": false, "created_at": "2026-02-26T07:37:01.931Z"}}, {"model": "notifications.notification", "pk": 2, "fields": {"user": ["kaushik"], "title": "Test Notification", "message": "This is working macha ", "is_read": false, "created_at": "2026-02-26T07:43:20.017Z"}}, {"model": "notifications.notification", "pk": 3, "fields": {"user": ["Darshan"], "title": "Invoice Approved", "message": "Invoice 9877 has been approved.", "is_read": true, "created_at": "2026-02-26T07:57:24.047Z"}}, {"model": "notifications.notification", "pk": 4, "fields": {"user": ["Darshan"], "title": "Invoice Rejected", "message": "Invoice 123 was rejected.", "is_read": true, "created_at": "2026-02-26T08:00:44.342Z"}}, {"model": "notifications.notification", "pk": 5, "fields": {"user": ["Darshan"], "title": "Expense Approved", "message": "Expense 'm4' has been approved.", "is_read": true, "created_at": "2026-02-26T08:04:32.209Z"}}, {"model": "notifications.notification", "pk": 6, "fields": {"user": ["Darshan"], "title": "Expense Rejected", "message": "Expense 'm5' was rejected.", "is_read": true, "created_at": "2026-02-26T08:04:46.220Z"}}, {"model": "notifications.notification", "pk": 9, "fields": {"user": ["Darshan"], "title": "Invoice Approved", "message": "Invoice 1000 has been approved.", "is_read": true, "created_at": "2026-02-26T08:28:04.353Z"}}, {"model": "notifications.notification", "pk": 11, "fields": {"user": ["Ghana"], "title": "New Invoice Submitted", "message": "Darshan submitted Invoice 233 for approval.", "is_read": true, "created_at": "2026-02-26T09:02:33.279Z"}}, {"model": "notifications.notification", "pk": 12, "fields": {"user": ["Darshan"], "title": "Invoice Approved", "message": "Invoice 233 has been approved.", "is_read": true, "created_at": "2026-02-26T09:03:06.653Z"}}, {"model": "notifications.notification", "pk": 13, "fields": {"user": ["Ghana"], "title": "New Employee Registration", "message": "viki registered as employee and is waiting for approval.", "is_read": true, "created_at": "2026-02-26T09:19:28.064Z"}}, {"model": "notifications.notification", "pk": 14, "fields": {"user": ["viki"], "title": "Account Approved", "message": "Your account has been approved by admin. You can now login.", "is_read": true, "created_at": "2026-02-26T09:20:20.716Z"}}, {"model": "expenses.expense", "pk": 1, "fields": {"user": ["sura"], "company": 2, "title": "car", "amount": "300000.00", "category": "Personal", "status": "rejected", "approved_by": null, "approved_at": null, "rejected_by": null, "rejected_at": null, "payment_method": "bank", "notes": "", "created_at": "2026-02-24T08:41:30.872Z"}}, {"model": "expenses.expense", "pk": 2, "fields": {"user": ["prem"], "company": 5, "title": "bike", "amount": "3000.00", "category": "Personal", "status": "pending", "approved_by": null, "approved_at": null, "rejected_by": null, "rejected_at": null, "payment_method": "cash", "notes": "", "created_at": "2026-02-24T18:08:01.564Z"}}, {"model": "expenses.expense", "pk": 3, "fields": {"user": ["gani"], "company": 2, "title": "petrol", "amount": "5000.00", "category": "Business", "status": "paid", "approved_by": ["sura"], "approved_at": "2026-02-25T08:57:11.779Z", "rejected_by": null, "rejected_at": null, "payment_method": "cash", "notes": "", "created_at": "2026-02-25T08:56:50.685Z"}}, {"model": "expenses.expense", "pk": 5, "fields": {"user": ["premk"], "company": 8, "title": "laptop", "amount": "789000.00", "category": "Business", "status": "paid", "approved_by": ["ganesh"], "approved_at": "2026-02-26T06:17:44.533Z", "rejected_by": null, "rejected_at": null, "payment_method": "bank", "notes": "", "created_at": "2026-02-26T06:17:04.970Z"}}, {"model": "expenses.expense", "pk": 6, "fields": {"user": ["premk"], "company": 8, "title": "keyboard", "amount": "30000.00", "category": "Business", "status": "rejected", "approved_by": null, "approved_at": null, "rejected_by": ["ganesh"], "rejected_at": "2026-02-26T06:22:52.577Z", "payment_method": "bank", "notes": "", "created_at": "2026-02-26T06:22:00.204Z"}}, {"model": "expenses.expense", "pk": 7, "fields": {"user": ["premk"], "company": 8, "title": "mouse", "amount": "50000.00", "category": "Business", "status": "paid", "approved_by": ["ganesh"], "approved_at": "2026-02-26T06:35:10.796Z", "rejected_by": null, "rejected_at": null, "payment_method": "bank", "notes": "", "created_at": "2026-02-26T06:33:34.328Z"}}, {"model": "expenses.expense", "pk": 8, "fields": {"user": ["premk"], "company": 8, "title": "mouse", "amount": "50000.00", "category": "Business", "status": "rejected", "approved_by": null, "approved_at": null, "rejected_by": ["ganesh"], "rejected_at": "2026-02-26T06:35:21.813Z", "payment_method": "bank", "notes": "", "created_at": "2026-02-26T06:34:51.710Z"}}, {"model": "expenses.expense", "pk": 9, "fields": {"user": ["premk"], "company": 8, "title": "petrol", "amount": "3000.00", "category": "Business", "status": "paid", "approved_by": ["ganesh"], "approved_at": "2026-02-26T07:21:52.668Z", "rejected_by": null, "rejected_at": null, "payment_method": "bank", "notes": "", "created_at": "2026-02-26T07:20:48.540Z"}}, {"model": "expenses.expense", "pk": 10, "fields": {"user": ["Darshan"], "company": 10, "title": "m5", "amount": "12000000.00", "category": "Business", "status": "rejected", "approved_by": null, "approved_at": null, "rejected_by": ["Ghana"], "rejected_at": "2026-02-26T08:04:46.218Z", "payment_method": "bank", "notes": "", "created_at": "2026-02-26T08:03:49.564Z"}}, {"model": "expenses.expense", "pk": 11, "fields": {"user": ["Darshan"], "company": 10, "title": "m4", "amount": "2000000.00", "category": "Business", "status": "approved", "approved_by": ["Ghana"], "approved_at": "2026-02-26T08:04:32.206Z", "rejected_by": null, "rejected_at": null, "payment_method": "cash", "notes": "", "created_at": "2026-02-26T08:04:13.051Z"}}, {"model": "expenses.expense", "pk": 12, "fields": {"user": ["Darshan"], "company": 10, "title": "m8", "amount": "200000.00", "category": "Business", "status": "approved", "approved_by": ["Ghana"], "approved_at": "2026-02-26T08:28:13.159Z", "rejected_by": null, "rejected_at": null, "payment_method": "card", "notes": "", "created_at": "2026-02-26T08:26:27.742Z"}}, {"model": "invoices.invoice", "pk": 7, "fields": {"user": ["gani"], "company": 2, "vendor": 1, "invoice_number": "6778", "vendor_gst_number": null, "vendor_address": null, "date": "2026-02-25", "total_amount": "30000.00", "tax_amount": "3455.00", "payment_method": "UPI", "status": "paid", "notes": null, "file": "invoices/Kaushik_resume_kOPrHWG.pdf", "extracted_text": null, "approved_by": ["sura"], "approved_at": "2026-02-24T12:00:37.653Z", "rejected_by": null, "rejected_at": null, "created_at": null}}, {"model": "invoices.invoice", "pk": 8, "fields": {"user": ["gani"], "company": 2, "vendor": 8, "invoice_number": "6788", "vendor_gst_number": null, "vendor_address": null, "date": "2026-02-25", "total_amount": "566789.00", "tax_amount": "467.00", "payment_method": "Cash", "status": "paid", "notes": null, "file": "invoices/Kaushik_resume_X3YGJEm.pdf", "extracted_text": null, "approved_by": ["sura"], "approved_at": "2026-02-24T12:20:28.475Z", "rejected_by": null, "rejected_at": null, "created_at": null}}, {"model": "invoices.invoice", "pk": 9, "fields": {"user": ["gani"], "company": 2, "vendor": 4, "invoice_number": "67889", "vendor_gst_number": null, "vendor_address": null, "date": "2026-02-25", "total_amount": "2344566.00", "tax_amount": "45.00", "payment_method": "Cash", "status": "paid", "notes": null, "file": "invoices/Kaushik_resume_a6plPWH.pdf", "extracted_text": null, "approved_by": ["sura"], "approved_at": "2026-02-24T17:31:19.245Z", "rejected_by": null, "rejected_at": null, "created_at": null}}, {"model": "invoices.invoice", "pk": 10, "fields": {"user": ["prem"], "company": 5, "vendor": 9, "invoice_number": "5669", "vendor_gst_number": null, "vendor_address": null, "date": "2026-02-25", "total_amount": "79090.00", "tax_amount": "56.00", "payment_method": "Bank Transfer", "status": "pending", "notes": null, "file": "invoices/Kaushik_resume_uq8MWDY.pdf", "extracted_text": null, "approved_by": null, "approved_at": null, "rejected_by": null, "rejected_at": null, "created_at": null}}, {"model": "invoices.invoice", "pk": 11, "fields": {"user": ["gani"], "company": 2, "vendor": 3, "invoice_number": "2000", "vendor_gst_number": "1234345", "vendor_address": "krpurma, Bangalore-49", "date": "2026-02-25", "total_amount": "30000.00", "tax_amount": "300.00", "payment_method": "Bank Transfer", "status": "approved", "notes": null, "file": "invoices/Kaushik_resume_faNbVZS.pdf", "extracted_text": null, "approved_by": ["sura"], "approved_at": "2026-02-25T10:23:04.185Z", "rejected_by": null, "rejected_at": null, "created_at": null}}, {"model": "invoices.invoice", "pk": 13, "fields": {"user": ["sura"], "company": 2, "vendor": 10, "invoice_number": "200", "vendor_gst_number": "330", "vendor_address": "krpuram", "date": "2026-02-25", "total_amount": "200000.00", "tax_amount": "34.00", "payment_method": "Bank Transfer", "status": "rejected", "notes": "REJECTED: fake", "file": "invoices/Kaushik_resume_Wh2KJeB.pdf", "extracted_text": null, "approved_by": null, "approved_at": null, "rejected_by": ["sura"], "rejected_at": "2026-02-25T11:05:55.929Z", "created_at": null}}, {"model": "invoices.invoice", "pk": 14, "fields": {"user": ["premk"], "company": 8, "vendor": 11, "invoice_number": "3567", "vendor_gst_number": "98776544", "vendor_address": "krpuram", "date": "2026-02-27", "total_amount": "50000.00", "tax_amount": "5678.00", "payment_method": "Bank Transfer", "status": "paid", "notes": null, "file": "invoices/Kaushik_resume_gl2kuRt.pdf", "extracted_text": null, "approved_by": ["ganesh"], "approved_at": "2026-02-26T06:17:35.496Z", "rejected_by": null, "rejected_at": null, "created_at": null}}, {"model": "invoices.invoice", "pk": 15, "fields": {"user": ["premk"], "company": 8, "vendor": 11, "invoice_number": "200", "vendor_gst_number": "0987665", "vendor_address": "krpuram", "date": "2026-02-27", "total_amount": "300000.00", "tax_amount": "399.00", "payment_method": "Card", "status": "paid", "notes": null, "file": "invoices/Kaushik_resume_w95ruCe.pdf", "extracted_text": null, "approved_by": ["ganesh"], "approved_at": "2026-02-26T07:21:42.901Z", "rejected_by": null, "rejected_at": null, "created_at": null}}, {"model": "invoices.invoice", "pk": 16, "fields": {"user": ["Darshan"], "company": 10, "vendor": 12, "invoice_number": "9877", "vendor_gst_number": "33", "vendor_address": "krpuram", "date": "2026-02-27", "total_amount": "39999.00", "tax_amount": "3000.00", "payment_method": "Card", "status": "approved", "notes": null, "file": "invoices/Kaushik_resume_XQB3rPi.pdf", "extracted_text": null, "approved_by": ["Ghana"], "approved_at": "2026-02-26T07:57:24.043Z", "rejected_by": null, "rejected_at": null, "created_at": null}}, {"model": "invoices.invoice", "pk": 17, "fields": {"user": ["Darshan"], "company": 10, "vendor": 13, "invoice_number": "123", "vendor_gst_number": "12345", "vendor_address": "krpuram", "date": "2026-02-26", "total_amount": "45566.00", "tax_amount": "200.00", "payment_method": "Bank Transfer", "status": "rejected", "notes": "REJECTED: not needed", "file": "invoices/Kaushik_resume_L57KCbD.pdf", "extracted_text": null, "approved_by": null, "approved_at": null, "rejected_by": ["Ghana"], "rejected_at": "2026-02-26T08:00:44.339Z", "created_at": null}}, {"model": "invoices.invoice", "pk": 18, "fields": {"user": ["Darshan"], "company": 10, "vendor": 14, "invoice_number": "1000", "vendor_gst_number": "4005", "vendor_address": "krpuram", "date": "2026-02-26", "total_amount": "3000.00", "tax_amount": "1233.00", "payment_method": "Bank Transfer", "status": "approved", "notes": null, "file": "invoices/Kaushik_resume_B36mLkg.pdf", "extracted_text": null, "approved_by": ["Ghana"], "approved_at": "2026-02-26T08:28:04.350Z", "rejected_by": null, "rejected_at": null, "created_at": null}}, {"model": "invoices.invoice", "pk": 19, "fields": {"user": ["Darshan"], "company": 10, "vendor": 13, "invoice_number": "233", "vendor_gst_number": "65562738", "vendor_address": "krpuram", "date": "2026-02-27", "total_amount": "5667899.00", "tax_amount": "234.00", "payment_method": "Card", "status": "approved", "notes": null, "file": "invoices/Kaushik_resume_GVyPcl0.pdf", "extracted_text": null, "approved_by": ["Ghana"], "approved_at": "2026-02-26T09:03:06.650Z", "rejected_by": null, "rejected_at": null, "created_at": null}}]